"Part Type","Designator","Footprint","Description"
"2K","RR1","T1",""
"5V926(PLL)","UG2","16TSSOP","PLL"
"AD8138","UB4","8SOIC150","Differential ADC driver"
"AD8138","UB12","8SOIC150","Differential ADC driver"
"AD8138","UB13","8SOIC150","Differential ADC driver"
"AD8138","UB5","8SOIC150","Differential ADC driver"
"AD8138","UB11","8SOIC150","Differential ADC driver"
"AD8138","UB8","8SOIC150","Differential ADC driver"
"AD8138","UB9","8SOIC150","Differential ADC driver"
"AD8138","UB14","8SOIC150","Differential ADC driver"
"AD8138","UB10","8SOIC150","Differential ADC driver"
"AD8138","UB16","8SOIC150","Differential ADC driver"
"AD8138","UB6","8SOIC150","Differential ADC driver"
"AD8138","UB15","8SOIC150","Differential ADC driver"
"AD8138","UB1","8SOIC150","Differential ADC driver"
"AD8138","UB2","8SOIC150","Differential ADC driver"
"AD8138","UB3","8SOIC150","Differential ADC driver"
"AD8138","UB7","8SOIC150","Differential ADC driver"
"AD8602","U1","SO-8",""
"AD9215","UA3","28TSSOP","ADC"
"AD9215","UA4","28TSSOP","ADC"
"AD9215","UA1","28TSSOP","ADC"
"AD9215","UA2","28TSSOP","ADC"
"AD9215","UA7","28TSSOP","ADC"
"AD9215","UA8","28TSSOP","ADC"
"AD9215","UA5","28TSSOP","ADC"
"AD9215","UA6","28TSSOP","ADC"
"AD9215","UA13","28TSSOP","ADC"
"AD9215","UA12","28TSSOP","ADC"
"AD9215","UA14","28TSSOP","ADC"
"AD9215","UA16","28TSSOP","ADC"
"AD9215","UA15","28TSSOP","ADC"
"AD9215","UA9","28TSSOP","ADC"
"AD9215","UA10","28TSSOP","ADC"
"AD9215","UA11","28TSSOP","ADC"
"ADG713","UE11","16SOIC150",""
"ADG713","UE10","16SOIC150",""
"ADG713","UE9","16SOIC150",""
"ADG713","UE15","16SOIC150",""
"ADG713","UE14","16SOIC150",""
"ADG713","UE16","16SOIC150",""
"ADG713","UE12","16SOIC150",""
"ADG713","UE13","16SOIC150",""
"ADG713","UE4","16SOIC150",""
"ADG713","UE3","16SOIC150",""
"ADG713","UE6","16SOIC150",""
"ADG713","UE5","16SOIC150",""
"ADG713","UE2","16SOIC150",""
"ADG713","UE7","16SOIC150",""
"ADG713","UE8","16SOIC150",""
"ADG713","UE1","16SOIC150",""
"BAV99","UDL5","SOT-23",""
"BAV99","UDL4","SOT-23",""
"BAV99","UDL6","SOT-23",""
"BAV99","UDL8","SOT-23",""
"BAV99","UDL7","SOT-23",""
"BAV99","UDL3","SOT-23",""
"BAV99","UDFL2","SOT-23",""
"BAV99","UDFL1","SOT-23",""
"BAV99","UDFL3","SOT-23",""
"BAV99","UDL2","SOT-23",""
"BAV99","UDL1","SOT-23",""
"C0608","Cib2","CHIP0805",""
"C0608","Cia5","CHIP0805",""
"C0608","Cib6","CHIP0805",""
"C0608","Cib1","CHIP0805",""
"C0608","Cia2","CHIP0805",""
"C0608","C9","CHIP0805",""
"C0608","Cia6","CHIP0805",""
"C0608","Cia1","CHIP0805",""
"C0608","Cic18","CHIP0805",""
"C0608","Cic19","CHIP0805",""
"C0608","C14","CHIP0805",""
"C0608","Cic22","CHIP0805",""
"C0608","Cic2","CHIP0805",""
"C0608","Cib5","CHIP0805",""
"C0608","Cic16","CHIP0805",""
"C0608","CP2","CHIP0805",""
"C0608","Cic1","CHIP1206",""
"C0608","CP1","CHIP1206",""
"C0608","C15","CHIP1206",""
"C0608S","Crf6","0805",""
"C0608S","Crf5","0805",""
"C0608S","Crf7","0805",""
"C0608S","Crf9","0805",""
"C0608S","Crf8","0805",""
"C0608S","C_clk5","0805",""
"C0608S","C_clk4","0805",""
"C0608S","C_clk3","0805",""
"C0608S","Crf1","0805",""
"C0608S","Crf4","0805",""
"C0608S","Crf3","0805",""
"C0608S","Crf2","0805",""
"C0608S","Cr5","1206",""
"C0608S","Cr4","1206",""
"C0608S","Cr3","1206",""
"C0608S","Cr8","1206",""
"C0608S","Cr7","1206",""
"C0608S","Cr6","1206",""
"C0608S","Cr2","1206",""
"C0608S","Cr14","1206",""
"C0608S","Cr13","1206",""
"C0608S","Cr16","1206",""
"C0608S","Cr15","1206",""
"C0608S","Cr12","1206",""
"C0608S","Cr9","1206",""
"C0608S","Cr1","1206",""
"C0608S","Cr11","1206",""
"C0608S","Cr10","1206",""
"C0608S","Cref16","CHIP0805",""
"C0608S","CAP61","CHIP0805",""
"C0608S","CAP62","CHIP0805",""
"C0608S","CA115","CHIP0805",""
"C0608S","CA104","CHIP0805",""
"C0608S","CA105","CHIP0805",""
"C0608S","CA85","CHIP0805",""
"C0608S","CA74","CHIP0805",""
"C0608S","CA75","CHIP0805",""
"C0608S","CA94","CHIP0805",""
"C0608S","CA95","CHIP0805",""
"C0608S","CA84","CHIP0805",""
"C0608S","CA114","CHIP0805",""
"C0608S","CAP63","CHIP0805",""
"C0608S","CA144","CHIP0805",""
"C0608S","CA155","CHIP0805",""
"C0608S","CA134","CHIP0805",""
"C0608S","CA145","CHIP0805",""
"C0608S","CAP64","CHIP0805",""
"C0608S","CA135","CHIP0805",""
"C0608S","CA124","CHIP0805",""
"C0608S","CA125","CHIP0805",""
"C0608S","CA154","CHIP0805",""
"C0608S","CA165","CHIP0805",""
"C0608S","CA164","CHIP0805",""
"C0608S","Cref8","CHIP0805",""
"C0608S","Cref7","CHIP0805",""
"C0608S","Cref6","CHIP0805",""
"C0608S","CA15","CHIP0805",""
"C0608S","Cn122","CHIP0805",""
"C0608S","Cn113","CHIP0805",""
"C0608S","CA14","CHIP0805",""
"C0608S","Cn83","CHIP0805",""
"C0608S","Cn84","CHIP0805",""
"C0608S","Cn81","CHIP0805",""
"C0608S","Cn114","CHIP0805",""
"C0608S","Cref5","CHIP0805",""
"C0608S","Cref3","CHIP0805",""
"C0608S","Cref1","CHIP0805",""
"C0608S","CAP71","CHIP0805",""
"C0608S","CA55","CHIP0805",""
"C0608S","CA44","CHIP0805",""
"C0608S","CAP70","CHIP0805",""
"C0608S","CA64","CHIP0805",""
"C0608S","CA65","CHIP0805",""
"C0608S","CA54","CHIP0805",""
"C0608S","CA25","CHIP0805",""
"C0608S","Cn112","CHIP0805",""
"C0608S","Cn111","CHIP0805",""
"C0608S","CA24","CHIP0805",""
"C0608S","CA45","CHIP0805",""
"C0608S","CA34","CHIP0805",""
"C0608S","CA35","CHIP0805",""
"C0608S","CD42","CHIP0805",""
"C0608S","CD41","CHIP0805",""
"C0608S","CD51","CHIP0805",""
"C0608S","CD61","CHIP0805",""
"C0608S","CD52","CHIP0805",""
"C0608S","CD21","CHIP0805",""
"C0608S","CD12","CHIP0805",""
"C0608S","CD22","CHIP0805",""
"C0608S","CD32","CHIP0805",""
"C0608S","CD31","CHIP0805",""
"C0608S","CD82","CHIP0805",""
"C0608S","CD81","CHIP0805",""
"C0608S","CD91","CHIP0805",""
"C0608S","CD101","CHIP0805",""
"C0608S","CD92","CHIP0805",""
"C0608S","CD71","CHIP0805",""
"C0608S","CD62","CHIP0805",""
"C0608S","Cn92","CHIP0805",""
"C0608S","CD72","CHIP0805",""
"C0608S","Cn131","CHIP0805",""
"C0608S","Cn152","CHIP0805",""
"C0608S","Cn143","CHIP0805",""
"C0608S","Cn151","CHIP0805",""
"C0608S","Cn153","CHIP0805",""
"C0608S","Cn154","CHIP0805",""
"C0608S","Cn133","CHIP0805",""
"C0608S","Cn134","CHIP0805",""
"C0608S","Cn142","CHIP0805",""
"C0608S","Cn144","CHIP0805",""
"C0608S","Cn141","CHIP0805",""
"C0608S","CAP52","CHIP0805",""
"C0608S","CAP35","CHIP0805",""
"C0608S","CAP36","CHIP0805",""
"C0608S","CD11","CHIP0805",""
"C0608S","Cn91","CHIP0805",""
"C0608S","Cn161","CHIP0805",""
"C0608S","Cn162","CHIP0805",""
"C0608S","Cn164","CHIP0805",""
"C0608S","CAP50","CHIP0805",""
"C0608S","Cn163","CHIP0805",""
"C0608S","CD102","CHIP0805",""
"C0608S","Cn93","CHIP0805",""
"C0608S","Cn94","CHIP0805",""
"C0608S","Cn102","CHIP0805",""
"C0608S","Cn104","CHIP0805",""
"C0608S","Cn101","CHIP0805",""
"C0608S","Cn132","CHIP0805",""
"C0608S","CAP67","CHIP0805",""
"C0608S","Cn123","CHIP0805",""
"C0608S","Cn121","CHIP0805",""
"C0608S","Cn124","CHIP0805",""
"C0608S","Cref10","CHIP0805",""
"C0608S","Cref9","CHIP0805",""
"C0608S","Cref13","CHIP0805",""
"C0608S","Cref15","CHIP0805",""
"C0608S","Cref14","CHIP0805",""
"C0608S","Cref2","CHIP0805",""
"C0608S","Cn103","CHIP0805",""
"C0608S","Cref4","CHIP0805",""
"C0608S","Cref12","CHIP0805",""
"C0608S","Cref11","CHIP0805",""
"C0608S","CD141","CHIP0805",""
"C0608S","CD132","CHIP0805",""
"C0608S","CD142","CHIP0805",""
"C0608S","CD152","CHIP0805",""
"C0608S","CD151","CHIP0805",""
"C0608S","CD112","CHIP0805",""
"C0608S","CD111","CHIP0805",""
"C0608S","CD121","CHIP0805",""
"C0608S","CD131","CHIP0805",""
"C0608S","CD122","CHIP0805",""
"C0608S","CAP38","CHIP0805",""
"C0608S","CAP37","CHIP0805",""
"C0608S","CAP68","CHIP0805",""
"C0608S","CAP66","CHIP0805",""
"C0608S","CAP69","CHIP0805",""
"C0608S","CD162","CHIP0805",""
"C0608S","CD161","CHIP0805",""
"C0608S","CAP51","CHIP0805",""
"C0608S","CAP53","CHIP0805",""
"C0608S","CAP49","CHIP0805",""
"C0608S","Cn82","CHIP0805",""
"C0608S","CA133","CHIP0805",""
"C0608S","CA141","CHIP0805",""
"C0608S","CA142","CHIP0805",""
"C0608S","CA123","CHIP0805",""
"C0608S","CA131","CHIP0805",""
"C0608S","CA132","CHIP0805",""
"C0608S","CA153","CHIP0805",""
"C0608S","CA161","CHIP0805",""
"C0608S","CA162","CHIP0805",""
"C0608S","CA143","CHIP0805",""
"C0608S","CA151","CHIP0805",""
"C0608S","CA152","CHIP0805",""
"C0608S","CA93","CHIP0805",""
"C0608S","CA101","CHIP0805",""
"C0608S","CA102","CHIP0805",""
"C0608S","Csp16","CHIP0805",""
"C0608S","CA91","CHIP0805",""
"C0608S","CA92","CHIP0805",""
"C0608S","CA113","CHIP0805",""
"C0608S","CA121","CHIP0805",""
"C0608S","CA122","CHIP0805",""
"C0608S","CA103","CHIP0805",""
"C0608S","CA111","CHIP0805",""
"C0608S","CA112","CHIP0805",""
"C0608S","CA163","CHIP0805",""
"C0608S","CA61","CHIP0805",""
"C0608S","CA62","CHIP0805",""
"C0608S","CA63","CHIP0805",""
"C0608S","CA51","CHIP0805",""
"C0608S","CA52","CHIP0805",""
"C0608S","CA53","CHIP0805",""
"C0608S","CA81","CHIP0805",""
"C0608S","CA82","CHIP0805",""
"C0608S","CA83","CHIP0805",""
"C0608S","CA71","CHIP0805",""
"C0608S","CA72","CHIP0805",""
"C0608S","CA73","CHIP0805",""
"C0608S","CA21","CHIP0805",""
"C0608S","CA22","CHIP0805",""
"C0608S","CA23","CHIP0805",""
"C0608S","CA11","CHIP0805",""
"C0608S","CA12","CHIP0805",""
"C0608S","CA13","CHIP0805",""
"C0608S","CA41","CHIP0805",""
"C0608S","CA42","CHIP0805",""
"C0608S","CA43","CHIP0805",""
"C0608S","CA31","CHIP0805",""
"C0608S","CA32","CHIP0805",""
"C0608S","CA33","CHIP0805",""
"C0608S","C1AL","CHIP0805",""
"C0608S","CG2","CHIP0805",""
"C0608S","CG1","CHIP0805",""
"C0608S","Csp7","CHIP0805",""
"C0608S","CAP8","CHIP0805",""
"C0608S","CAP7","CHIP0805",""
"C0608S","CAP9","CHIP0805",""
"C0608S","CAP13","CHIP0805",""
"C0608S","CAP12","CHIP0805",""
"C0608S","C3AL","CHIP0805",""
"C0608S","Csp8","CHIP0805",""
"C0608S","CAP10","CHIP0805",""
"C0608S","Csp4","CHIP0805",""
"C0608S","Csp3","CHIP0805",""
"C0608S","Csp2","CHIP0805",""
"C0608S","CAP2","CHIP0805",""
"C0608S","CAP1","CHIP0805",""
"C0608S","Csp6","CHIP0805",""
"C0608S","CAP3","CHIP0805",""
"C0608S","CAP6","CHIP0805",""
"C0608S","Csp5","CHIP0805",""
"C0608S","Csp1","CHIP0805",""
"C0608S","CAP5","CHIP0805",""
"C0608S","CAP4","CHIP0805",""
"C0608S","CAP11","CHIP0805",""
"C0608S","CAP30","CHIP0805",""
"C0608S","CAP31","CHIP0805",""
"C0608S","Csp14","CHIP0805",""
"C0608S","CAP29","CHIP0805",""
"C0608S","CAP28","CHIP0805",""
"C0608S","CAP27","CHIP0805",""
"C0608S","Csp9","CHIP0805",""
"C0608S","Csp13","CHIP0805",""
"C0608S","Csp15","CHIP0805",""
"C0608S","Csp12","CHIP0805",""
"C0608S","Csp11","CHIP0805",""
"C0608S","Csp10","CHIP0805",""
"C0608S","CAP18","CHIP0805",""
"C0608S","CAP17","CHIP0805",""
"C0608S","CAP21","CHIP0805",""
"C0608S","CAP14","CHIP0805",""
"C0608S","CAP16","CHIP0805",""
"C0608S","CAP15","CHIP0805",""
"C0608S","CAP23","CHIP0805",""
"C0608S","CAP26","CHIP0805",""
"C0608S","CAP25","CHIP0805",""
"C0608S","CAP20","CHIP0805",""
"C0608S","CAP19","CHIP0805",""
"C0608S","CAP22","CHIP0805",""
"C0608S","Cn31","CHIP0805",""
"C0608S","Cn32","CHIP0805",""
"C0608S","Cn23","CHIP0805",""
"C0608S","Cn34","CHIP0805",""
"C0608S","Cn41","CHIP0805",""
"C0608S","Cn42","CHIP0805",""
"C0608S","Cn33","CHIP0805",""
"C0608S","Cn14","CHIP0805",""
"C0608S","Cn11","CHIP0805",""
"C0608S","Cn12","CHIP0805",""
"C0608S","Cn13","CHIP0805",""
"C0608S","Cn24","CHIP0805",""
"C0608S","Cn21","CHIP0805",""
"C0608S","Cn22","CHIP0805",""
"C0608S","Cn63","CHIP0805",""
"C0608S","Cn64","CHIP0805",""
"C0608S","Cn61","CHIP0805",""
"C0608S","Cn72","CHIP0805",""
"C0608S","Cn73","CHIP0805",""
"C0608S","Cn74","CHIP0805",""
"C0608S","Cn71","CHIP0805",""
"C0608S","Cn52","CHIP0805",""
"C0608S","Cn43","CHIP0805",""
"C0608S","Cn44","CHIP0805",""
"C0608S","Cn51","CHIP0805",""
"C0608S","Cn62","CHIP0805",""
"C0608S","Cn53","CHIP0805",""
"C0608S","Cn54","CHIP0805",""
"C0608S","Csp18","CHIP1206",""
"C0608S","CAP24","CHIP1206",""
"C0608S","CAP32","CHIP1206",""
"C0608S","C2AL","CHIP1206",""
"C0608S","C4AL","CHIP1206",""
"C0608S","Csp17","CHIP1206",""
"C0608s","CB133","CHIP0805",""
"C0608s","CB81","CHIP0805",""
"C0608s","CB132","CHIP0805",""
"C0608s","CB153","CHIP0805",""
"C0608s","CB72","CHIP0805",""
"C0608s","CB73","CHIP0805",""
"C0608s","CB41","CHIP0805",""
"C0608s","CB23","CHIP0805",""
"C0608s","CB82","CHIP0805",""
"C0608s","CB83","CHIP0805",""
"C0608s","CB21","CHIP0805",""
"C0608s","CB31","CHIP0805",""
"C0608s","CB51","CHIP0805",""
"C0608s","CB53","CHIP0805",""
"C0608s","CB62","CHIP0805",""
"C0608s","CB63","CHIP0805",""
"C0608s","CB141","CHIP0805",""
"C0608s","CB61","CHIP0805",""
"C0608s","CB32","CHIP0805",""
"C0608s","CB142","CHIP0805",""
"C0608s","CB151","CHIP0805",""
"C0608s","CB33","CHIP0805",""
"C0608s","CB152","CHIP0805",""
"C0608s","CB71","CHIP0805",""
"C0608s","CB143","CHIP0805",""
"C0608s","CB52","CHIP0805",""
"C0608s","CB13","CHIP0805",""
"C0608s","CB22","CHIP0805",""
"C0608s","CB102","CHIP0805",""
"C0608s","CB112","CHIP0805",""
"C0608s","CB123","CHIP0805",""
"C0608s","CB113","CHIP0805",""
"C0608s","CB131","CHIP0805",""
"C0608s","CB103","CHIP0805",""
"C0608s","CB11","CHIP0805",""
"C0608s","CB43","CHIP0805",""
"C0608s","CB42","CHIP0805",""
"C0608s","C12","CHIP0805",""
"C0608s","CB111","CHIP0805",""
"C0608s","C11","CHIP0805",""
"C0608s","CB161","CHIP0805",""
"C0608s","CB162","CHIP0805",""
"C0608s","CB163","CHIP0805",""
"C0608s","CB12","CHIP0805",""
"C0608s","CB91","CHIP0805",""
"C0608s","CB121","CHIP0805",""
"C0608s","CLED1","CHIP0805",""
"C0608s","CLED2","CHIP0805",""
"C0608s","CB101","CHIP0805",""
"C0608s","CB122","CHIP0805",""
"C0608s","CB92","CHIP0805",""
"C0608s","CB93","CHIP0805",""
"C0608s","CLED3","CHIP0805",""
"C0608s","C5","CHIP1206",""
"C0608s","C17","CHIP1206",""
"C0608s","C13","CHIP1206",""
"C","Cib4","chip0805",""
"C","Cib8","chip0805",""
"C","Cib12","chip0805",""
"C","Cib9","chip0805",""
"C","Cib10","chip0805",""
"C","Cib3","chip0805",""
"C","Cib11","chip0805",""
"C","CP5","chip0805",""
"C","CP6","chip0805",""
"C","CP3","chip0805",""
"C","Cia4","chip0805",""
"C","CP4","chip0805",""
"C","CP11","chip0805",""
"C","CP10","chip0805",""
"C","CP8","chip0805",""
"C","CP7","chip0805",""
"C","CP9","chip0805",""
"C","Cia12","chip0805",""
"C","Cia16","chip0805",""
"C","Cia7","chip0805",""
"C","Cia15","chip0805",""
"C","Cia13","chip0805",""
"C","Cia14","chip0805",""
"C","Cia10","chip0805",""
"C","Cia11","chip0805",""
"C","Cia9","chip0805",""
"C","Cia8","chip0805",""
"C","Cia3","chip0805",""
"C","Cib7","chip0805",""
"C","Cic10","chip0805",""
"C","Cic11","chip0805",""
"C","Cic23","chip0805",""
"C","Cic3","chip0805",""
"C","Cic15","chip0805",""
"C","Cic5","chip0805",""
"C","Cic9","chip0805",""
"C","Cic14","chip0805",""
"C","Cic32","chip0805",""
"C","Cic31","chip0805",""
"C","Cic30","chip0805",""
"C","Cic24","chip0805",""
"C","Cic27","chip0805",""
"C","Cic26","chip0805",""
"C","Cic20","chip0805",""
"C","Cic6","chip0805",""
"C","Cib14","chip0805",""
"C","Cib13","chip0805",""
"C","Cic21","chip0805",""
"C","Cic29","chip0805",""
"C","Cic28","chip0805",""
"C","Cib16","chip0805",""
"C","Cib15","chip0805",""
"C","Cic33","chip0805",""
"C","Cic13","chip0805",""
"C","Cic7","chip0805",""
"C","Cic25","chip0805",""
"C","Cic8","chip0805",""
"C","Cic12","chip0805",""
"C","Cic17","chip0805",""
"C","Cic4","chip0805",""
"C","Cia17","chip1206",""
"C","Cib17","chip1206",""
"CAMACF","XC1","CAMAC",""
"CHIP0805","RFL1","CHIP0805",""
"CHIP0805","RFL3","CHIP0805",""
"CHIP0805","RFL2","CHIP0805",""
"DS36C200","UL2","Soic14_200",""
"DS36C200","UL1","Soic14_200",""
"DS90LV001","UFL2","Soic8_200",""
"DS92LV1021","UFL1","28TSSOP",""
"EP1C6Q240","U2AL","240PQFP",""
"EP1C6Q240","U1AL","240PQFP",""
"EPCS1","U3AL","Soic8_200",""
"EPCS1","U4AL","Soic8_200",""
"ICS8312","UG3","LQFP32","1 to 12 LVCMOS/LVTTL Fanout Buffer"
"IDC-10","U6AL","IDC10",""
"IDC-10","U5AL","IDC10",""
"KF1158EN5","UP1","TO-252",""
"KF1158EN5","UP10","TO-252",""
"KS133G","VDL1","DIODE-SMA",""
"LED","R_Clk1","0805",""
"LED","R_Clk2","0805",""
"LED","VL2","CHIP0805",""
"LED","VL1","CHIP0805",""
"LED","VL4","CHIP0805",""
"LED","VDLED2","LED-3_h",""
"LED","VDLED1","LED-3_h",""
"LED","VDLED3","LED-3_h",""
"LM337","UP9","TO-220B","3-Terminal Adjustable Negative Regulators"
"LM337","UP4","TO-220B","3-Terminal Adjustable Negative Regulators"
"LMH6723MA","UD10","SO-8",""
"LMH6723MA","UD5","SO-8",""
"LMH6723MA","UD2","SO-8",""
"LMH6723MA","UD6","SO-8",""
"LMH6723MA","UD12","SO-8",""
"LMH6723MA","UD11","SO-8",""
"LMH6723MA","UD1","SO-8",""
"LMH6723MA","UD14","SO-8",""
"LMH6723MA","UD3","SO-8",""
"LMH6723MA","UD8","SO-8",""
"LMH6723MA","UD16","SO-8",""
"LMH6723MA","UD15","SO-8",""
"LMH6723MA","UD13","SO-8",""
"LMH6723MA","UD7","SO-8",""
"LMH6723MA","UD4","SO-8",""
"LMH6723MA","UD9","SO-8",""
"MAX4651PP","UG1","16SOIC150",""
"MAX9583","UC7","SOT-23-6",""
"MAX9583","UC8","SOT-23-6",""
"MAX9583","UC3","SOT-23-6",""
"MAX9583","UC2","SOT-23-6",""
"MAX9583","UC4","SOT-23-6",""
"MAX9583","UC6","SOT-23-6",""
"MAX9583","UC5","SOT-23-6",""
"MAX9583","UC16","SOT-23-6",""
"MAX9583","UC9","SOT-23-6",""
"MAX9583","UC10","SOT-23-6",""
"MAX9583","UC14","SOT-23-6",""
"MAX9583","UC13","SOT-23-6",""
"MAX9583","UC15","SOT-23-6",""
"MAX9583","UC1","SOT-23-6",""
"MAX9583","UC11","SOT-23-6",""
"MAX9583","UC12","SOT-23-6",""
"R0608","RADC8","0805",""
"R0608","RADC1","0805",""
"R0608","RADC10","0805",""
"R0608","RADC7","0805",""
"R0608","RADC4","0805",""
"R0608","RADC3","0805",""
"R0608","RADC2","0805",""
"R0608","RADC6","0805",""
"R0608","RADC5","0805",""
"R0608","RADC9","0805",""
"R0608","R6","CHIP0805",""
"R0608","R4","CHIP0805",""
"R0608","R12","CHIP0805",""
"R0608","R10","CHIP0805",""
"R0608","R8","CHIP0805",""
"R0608","R14","CHIP0805",""
"R0608","R2","CHIP0805",""
"R0608","Rn152","CHIP0805",""
"R0608","Rn131","CHIP0805",""
"R0608","Rn132","CHIP0805",""
"R0608","R12AL","CHIP0805",""
"R0608","Rn82","CHIP0805",""
"R0608","Rn142","CHIP0805",""
"R0608","Rn81","CHIP0805",""
"R0608","RL3","CHIP0805",""
"R0608","RL4","CHIP0805",""
"R0608","Rn141","CHIP0805",""
"R0608","R11AL","CHIP0805",""
"R0608","RL2","CHIP0805",""
"R0608","Rn151","CHIP0805",""
"R0608","RL1","CHIP0805",""
"R0608","Rn72","CHIP0805",""
"R0608","R9","CHIP0805",""
"R0608","R2AL","CHIP0805",""
"R0608","R8AL","CHIP0805",""
"R0608","R1AL","CHIP0805",""
"R0608","R9AL","CHIP0805",""
"R0608","R5","CHIP0805",""
"R0608","R3","CHIP0805",""
"R0608","R10AL","CHIP0805",""
"R0608","Rn62","CHIP0805",""
"R0608","RB17","CHIP0805",""
"R0608","RLED2","CHIP0805",""
"R0608","R23","CHIP0805",""
"R0608","RLED3","CHIP0805",""
"R0608","RLED1","CHIP0805",""
"R0608","RC11","CHIP0805",""
"R0608","R3AL","CHIP0805",""
"R0608","RA11","CHIP0805",""
"R0608","R7","CHIP0805",""
"R0608","R15","CHIP0805",""
"R0608","Rn161","CHIP0805",""
"R0608","R5AL","CHIP0805",""
"R0608","R4AL","CHIP0805",""
"R0608","R13AL","CHIP0805",""
"R0608","R11","CHIP0805",""
"R0608","R13","CHIP0805",""
"R0608","R14AL","CHIP0805",""
"R0608","Rn162","CHIP0805",""
"R0608","R1","CHIP0805",""
"R0608","R21","CHIP0805",""
"R0608","RB127","CHIP0805",""
"R0608","Rn71","CHIP0805",""
"R0608","R7AL","CHIP0805",""
"R0608","R6AL","CHIP0805",""
"R0608","R19","CHIP0805",""
"R0608","R17","CHIP0805",""
"R0608","R16","CHIP0805",""
"R0608","RB41","CHIP0805",""
"R0608","RB46","CHIP0805",""
"R0608","RB42","CHIP0805",""
"R0608","RB54","CHIP0805",""
"R0608","RB57","CHIP0805",""
"R0608","RB32","CHIP0805",""
"R0608","RB31","CHIP0805",""
"R0608","RB47","CHIP0805",""
"R0608","RB43","CHIP0805",""
"R0608","RB44","CHIP0805",""
"R0608","RB53","CHIP0805",""
"R0608","RC82","CHIP0805",""
"R0608","RB63","CHIP0805",""
"R0608","RC81","CHIP0805",""
"R0608","RC71","CHIP0805",""
"R0608","RC72","CHIP0805",""
"R0608","RB51","CHIP0805",""
"R0608","RB56","CHIP0805",""
"R0608","RB52","CHIP0805",""
"R0608","RB64","CHIP0805",""
"R0608","RB67","CHIP0805",""
"R0608","RB36","CHIP0805",""
"R0608","RB146","CHIP0805",""
"R0608","RB141","CHIP0805",""
"R0608","RB143","CHIP0805",""
"R0608","RB147","CHIP0805",""
"R0608","RB144","CHIP0805",""
"R0608","RB153","CHIP0805",""
"R0608","RB156","CHIP0805",""
"R0608","RB154","CHIP0805",""
"R0608","RB142","CHIP0805",""
"R0608","RB157","CHIP0805",""
"R0608","RB132","CHIP0805",""
"R0608","RB22","CHIP0805",""
"R0608","RB21","CHIP0805",""
"R0608","RB37","CHIP0805",""
"R0608","RB33","CHIP0805",""
"R0608","RB34","CHIP0805",""
"R0608","RB27","CHIP0805",""
"R0608","RB131","CHIP0805",""
"R0608","RB24","CHIP0805",""
"R0608","RB26","CHIP0805",""
"R0608","RB23","CHIP0805",""
"R0608","RB93","CHIP0805",""
"R0608","RB94","CHIP0805",""
"R0608","RB96","CHIP0805",""
"R0608","RB92","CHIP0805",""
"R0608","RB91","CHIP0805",""
"R0608","RB86","CHIP0805",""
"R0608","RB83","CHIP0805",""
"R0608","RB81","CHIP0805",""
"R0608","RB97","CHIP0805",""
"R0608","RB82","CHIP0805",""
"R0608","RB107","CHIP0805",""
"R0608","RB114","CHIP0805",""
"R0608","RB117","CHIP0805",""
"R0608","RB113","CHIP0805",""
"R0608","RB111","CHIP0805",""
"R0608","RB116","CHIP0805",""
"R0608","RB103","CHIP0805",""
"R0608","RB104","CHIP0805",""
"R0608","RB106","CHIP0805",""
"R0608","RB102","CHIP0805",""
"R0608","RB101","CHIP0805",""
"R0608","RB84","CHIP0805",""
"R0608","RC32","CHIP0805",""
"R0608","RC41","CHIP0805",""
"R0608","RC31","CHIP0805",""
"R0608","RC21","CHIP0805",""
"R0608","RC22","CHIP0805",""
"R0608","RC61","CHIP0805",""
"R0608","RC62","CHIP0805",""
"R0608","RC52","CHIP0805",""
"R0608","RC42","CHIP0805",""
"R0608","RC51","CHIP0805",""
"R0608","RC12","CHIP0805",""
"R0608","RB76","CHIP0805",""
"R0608","RB73","CHIP0805",""
"R0608","RB71","CHIP0805",""
"R0608","RB87","CHIP0805",""
"R0608","RB72","CHIP0805",""
"R0608","RB61","CHIP0805",""
"R0608","RB66","CHIP0805",""
"R0608","RB62","CHIP0805",""
"R0608","RB74","CHIP0805",""
"R0608","RB77","CHIP0805",""
"R0608","RB151","CHIP0805",""
"R0608","RB112","CHIP0805",""
"R0608","RA81","CHIP0805",""
"R0608","Rn32","CHIP0805",""
"R0608","RB137","CHIP0805",""
"R0608","RA91","CHIP0805",""
"R0608","Rn41","CHIP0805",""
"R0608","RB136","CHIP0805",""
"R0608","RA71","CHIP0805",""
"R0608","RB134","CHIP0805",""
"R0608","RB133","CHIP0805",""
"R0608","RA121","CHIP0805",""
"R0608","RB122","CHIP0805",""
"R0608","Rn21","CHIP0805",""
"R0608","RB121","CHIP0805",""
"R0608","RA131","CHIP0805",""
"R0608","RA101","CHIP0805",""
"R0608","Rn31","CHIP0805",""
"R0608","RA111","CHIP0805",""
"R0608","Rn22","CHIP0805",""
"R0608","RB14","CHIP0805",""
"R0608","Rn102","CHIP0805",""
"R0608","Rn111","CHIP0805",""
"R0608","RA21","CHIP0805",""
"R0608","Rn52","CHIP0805",""
"R0608","Rn101","CHIP0805",""
"R0608","R18","CHIP0805",""
"R0608","Rn122","CHIP0805",""
"R0608","Rn121","CHIP0805",""
"R0608","Rn112","CHIP0805",""
"R0608","Rn61","CHIP0805",""
"R0608","RA41","CHIP0805",""
"R0608","Rn51","CHIP0805",""
"R0608","RA51","CHIP0805",""
"R0608","RA61","CHIP0805",""
"R0608","Rn42","CHIP0805",""
"R0608","RA31","CHIP0805",""
"R0608","Rn92","CHIP0805",""
"R0608","Rn91","CHIP0805",""
"R0608","R22","CHIP0805",""
"R0608","R20","CHIP0805",""
"R0608","RC152","CHIP0805",""
"R0608","RC161","CHIP0805",""
"R0608","RC151","CHIP0805",""
"R0608","RC141","CHIP0805",""
"R0608","RC142","CHIP0805",""
"R0608","RC162","CHIP0805",""
"R0608","RB13","CHIP0805",""
"R0608","RB167","CHIP0805",""
"R0608","RB16","CHIP0805",""
"R0608","RB12","CHIP0805",""
"R0608","RB11","CHIP0805",""
"R0608","RC101","CHIP0805",""
"R0608","RC102","CHIP0805",""
"R0608","RC92","CHIP0805",""
"R0608","RB152","CHIP0805",""
"R0608","RC91","CHIP0805",""
"R0608","RC111","CHIP0805",""
"R0608","RC131","CHIP0805",""
"R0608","RC132","CHIP0805",""
"R0608","RC122","CHIP0805",""
"R0608","RC112","CHIP0805",""
"R0608","RC121","CHIP0805",""
"R0608","Rn11","CHIP0805",""
"R0608","RB124","CHIP0805",""
"R0608","RB162","CHIP0805",""
"R0608","RA161","CHIP0805",""
"R0608","RA151","CHIP0805",""
"R0608","RA141","CHIP0805",""
"R0608","RB126","CHIP0805",""
"R0608","RB123","CHIP0805",""
"R0608","Rn12","CHIP0805",""
"R0608","RB161","CHIP0805",""
"R0608","RB163","CHIP0805",""
"R0608","RB164","CHIP0805",""
"R0608","RB166","CHIP0805",""
"R0608S","R35","CHIP0805",""
"R0608S","R37","CHIP0805",""
"R0608S","R41","CHIP0805",""
"R0608S","R49","CHIP0805",""
"R0608S","R33","CHIP0805",""
"R0608S","R31","CHIP0805",""
"R0608S","R39","CHIP0805",""
"R0608S","R29","CHIP0805",""
"R0608S","R51","CHIP0805",""
"R0608S","R47","CHIP0805",""
"R0608S","Rib2","CHIP0805",""
"R0608S","R43","CHIP0805",""
"R0608S","R45","CHIP0805",""
"R0608S","Rib1","CHIP0805",""
"R0608S","R50","CHIP0805",""
"R0608S","R25","CHIP0805",""
"R0608S","R27","CHIP0805",""
"R0608S","R44","CHIP0805",""
"R0608S","R46","CHIP0805",""
"R0608S","R48","CHIP0805",""
"R0608S","R30","CHIP0805",""
"R0608S","R32","CHIP0805",""
"R0608S","R34","CHIP0805",""
"R0608S","R24","CHIP0805",""
"R0608S","R26","CHIP0805",""
"R0608S","R28","CHIP0805",""
"R0608S","RG2","CHIP0805",""
"R0608S","R36","CHIP0805",""
"R0608S","RG1","CHIP0805",""
"R0608S","R38","CHIP0805",""
"R0608S","R42","CHIP0805",""
"R0608S","R40","CHIP0805",""
"R","Rt1","CHIP0805",""
"R","VL3","CHIP0805",""
"R","RP1","chip0805",""
"SPX1117-1.5","UP3","TO-252",""
"SPX1117-1.5","UP2","TO-252",""
"SPX1117-3.3","UP7","TO-252",""
"SPX1117-3.3","UP8","TO-252",""
"SPX1117-3.3","U_Clk1","TO-252",""
"SPX1117-3.3","UP11","TO-252",""
"SPX1117-3.3","UP5","TO-252",""
"SPX1117-3.3","UP6","TO-252",""
"USB_2A","XI5","USBA-2J-M",""
"USB_2A","XI4","USBA-2J-M",""
"USB_2A","XI6","USBA-2J-M",""
"USB_2A","XI2","USBA-2J-M",""
"USB_2A","XI1","USBA-2J-M",""
"USB_2A","XI3","USBA-2J-M",""
"USB_2A","XI8","USBA-2J-M",""
"USB_2A","XI7","USBA-2J-M",""
"USB_A","XFL1","USB-A",""
"USB_A","XL1","usb-a",""
"USB_A","XL2","usb-a",""
"XO-25.000MHz","UG4","XO_SMT",""
"chip1206","C_clk2","1206",""
"chip1206","C_clk1","1206",""
"chip1206","C4","CHIP1206",""
"chip2225s","C2","CHIP1206",""
"chip2225s","C3","CHIP1206",""
"chip2225s","C1","CHIP1206",""